Date,PNC,PPG,EQT,Unemployment,Med Home
2000-02-01,-3.769676521075005,-13.250998586513917,-2.002492712402071,0.0,-0.6270316532418163
2000-03-01,-2.2069346031966086,-4.6951251756565,17.302942006620302,-7.843137254901955,0.06432819562274261
2000-04-01,11.113336292215713,8.827047683035305,11.776061732840425,-19.14893617021277,0.9408380801260163
2000-05-01,-0.5339246113319929,1.9063029546930954,7.032761550063582,13.157894736842103,1.3276619426924485
2000-06-01,16.687650569291847,-14.63116503556533,2.1862792981130807,6.976744186046502,1.1247295239497968
2000-07-01,-2.568383708017441,-6.125435856714789,0.3364199969572601,0.0,1.334927019129939
2000-08-01,12.969796327694304,-2.3348622514183015,15.621698251320826,0.0,0.6719451651337804
2000-09-01,5.679582920406023,-7.93012080780059,6.769725402964766,-10.869565217391308,0.5909418504203012
2000-10-01,4.619069763978323,2.42378722231984,2.3709176500717355,-4.8780487804877986,-0.016693283314062057
2000-11-01,3.507967950926205,10.647899845598285,-5.528301599556618,10.256410256410264,-0.10974835645135572
2000-12-01,6.441035869021139,0.8046464661266572,4.0656019566526425,-4.651162790697683,-0.2621850737458131
2001-01-01,5.015968393612558,4.575537031722732,-2.743573377747266,29.268292682926834,-0.15480105445654369
2001-02-01,-0.16126765887098937,9.072107096914927,2.38777289740586,-3.7735849056603765,-0.5298599947918259
2001-03-01,-9.592081540706188,2.051284982919621,7.549167278113611,0.0,0.04084048153589759
2001-04-01,2.26171922448255,0.4289266876049691,17.356136965818415,-15.686274509803921,1.1121855119419433
2001-05-01,-0.18919562255185207,11.587524099933223,2.457462325560811,6.976744186046502,1.091815956363651
2001-06-01,2.7078007098648493,-5.124794830096613,-10.95412887320143,6.521739130434789,1.3576494862492572
2001-07-01,-5.690489904317331,-0.2500058434071195,-1.717699214009638,-2.0408163265306256,1.4774101510821813
2001-08-01,6.077897554673672,2.4673811722165206,-0.8142615766299488,2.083333333333348,0.8338085585876565
2001-09-01,-14.388994639781583,-13.539420139069424,-11.060743875792268,-10.204081632653061,0.5319556489969068
2001-10-01,-2.7365562690138345,4.181985141088318,8.528204258344285,6.818181818181812,0.09251713751754487
2001-11-01,2.9015229623769567,9.623157253034865,2.9272880091997466,8.51063829787233,-0.14165311215512677
2001-12-01,-1.1530079790193604,-2.1351274710634804,-0.7944214032171049,0.0,-0.3333611143986337
2002-01-01,6.532494521286547,-5.545123844591393,-5.542239235629365,27.450980392156875,-0.2963390848460423
2002-02-01,-7.242546325067501,0.009383290119924226,1.2825311144870621,-3.076923076923077,-0.5326603520357742
2002-03-01,7.901138919501771,11.848978568268143,10.624487659108928,-3.1746031746031744,0.16019158006008727
2002-04-01,-2.427277682381035,-1.5804065323919092,5.205797704322834,-11.475409836065564,0.9288681766256746
2002-05-01,-4.254292838609242,5.874246462206667,0.8624026465703372,0.0,1.2136309670128576
2002-06-01,-3.9142064864680526,3.2734292710129287,-3.866063381824736,5.555555555555558,1.0034011095148232
2002-07-01,-16.22553244216264,-1.5284620185480713,-6.798280307857951,-1.7543859649122862,1.562328272411495
2002-08-01,-0.4744638700870163,0.027324022248076396,8.051399058018372,-3.5714285714285587,1.3736950504727563
2002-09-01,-0.42159540992787736,-10.241437769549744,-0.3393394522895665,-9.259259259259256,0.2339663945816417
2002-10-01,-9.212604703184535,-7.047479755103437,-1.0428122127489559,4.081632653061207,0.11167784819099413
2002-11-01,3.871831491158839,2.4726477598831176,3.0076007087355805,7.843137254901977,-0.31061749868075417
2002-12-01,1.1930950339342772,1.8955471411008729,1.0563685863519856,3.6363636363636376,-0.6331553645696597
2003-01-01,8.092256181912184,3.84581095584835,0.6318398712475748,19.298245614035082,0.08016178333187796
2003-02-01,-1.4063293795596454,-6.007972480097412,0.46352089419383624,0.0,-0.9662985934296264
2003-03-01,0.6152876759836445,-3.451695354853812,2.4279737122645972,-7.352941176470584,-0.34167988104998326
2003-04-01,-0.03591811271522749,1.8152562420135299,2.9869903149010613,-11.111111111111116,1.2810642047322407
2003-05-01,6.448034594793284,3.8858881331598205,2.3891124719800816,3.571428571428581,1.7991779356592241
2003-06-01,5.53363735863337,5.412579903870207,6.166350996917913,8.62068965517242,2.0414218775326676
2003-07-01,0.8503434862700665,3.0189519156494926,-2.3411714448574483,-3.1746031746031744,1.4482833827469621
2003-08-01,-1.4967618605062682,6.022254334213661,-1.82944660196388,-6.5573770491803245,0.5903694798188974
2003-09-01,0.22424922465626995,-1.2535213788493205,3.2623543491671736,-7.017543859649134,0.043001456298452645
2003-10-01,5.875752886011942,2.4271217973365067,2.430789390114585,-1.8867924528301772,-0.0626812330441262
2003-11-01,7.280307080273007,5.081655832978194,-0.236103896208939,3.8461538461538547,-1.0192776492763067
2003-12-01,-0.7574248103292325,8.142800213175615,4.6104394775569935,-3.703703703703709,-0.2968504260280391
2004-01-01,2.620647942622334,-1.5678265932940638,1.7297767433731348,25.0,-0.6828542303905394
2004-02-01,4.235114058924894,-3.8847619577225823,1.0871706907421563,-1.538461538461533,-0.3130293373240778
2004-03-01,-0.11280029534223024,-2.4508552321446553,-1.1423739517315235,-1.562500000000011,0.25842977318131233
2004-04-01,-5.943341988204076,5.7291163709382475,6.658515589997083,-17.460317460317455,0.43466529832987266
2004-05-01,2.374232880931526,-3.164031993471794,2.9900681867745194,3.8461538461538547,1.5607005273050145
2004-06-01,-0.3442207999126312,4.840519900570994,5.157580263946926,9.259259259259256,1.6901767301946702
2004-07-01,-4.49944855179033,-1.92713983088173,3.5132990394165065,-1.6949152542372947,1.2304025285809317
2004-08-01,1.5500899258449996,-0.9213256835480688,0.21040308390860574,-3.4482758620689724,0.7969554566332748
2004-09-01,2.913858455757312,1.9721709639587193,4.281058209717159,-10.71428571428571,0.6503990406868443
2004-10-01,0.20928844107377387,1.978381133311835,3.005110516627063,0.0,0.08672494799315533
2004-11-01,2.468530410827885,9.239395589855981,4.805162483712633,4.0000000000000036,-0.13539821827555087
2004-12-01,2.89952846442596,1.437412267482352,4.529690175939627,0.0,-0.33247122125843465
2005-01-01,-1.583850373886575,-1.0781664758561016,-2.6642742219445514,17.307692307692292,-0.2972518092210441
2005-02-01,-2.921024618399737,6.989151233397739,1.1032493143651179,3.2786885245901676,-1.660386279746584
2005-03-01,-0.5166115225408885,1.87603771829985,1.0802652248069755,-3.1746031746031744,0.19645827101735236
2005-04-01,-1.5899850478801936,-5.411326439166187,-1.9184163273298416,-19.672131147540973,1.6997650992863322
2005-05-01,6.50175701907052,-1.440015863332933,4.929696768032632,4.081632653061207,1.1675760282076952
2005-06-01,0.23888357929009452,-2.5396122396856513,11.765247734566287,5.882352941176494,1.4938664034849225
2005-07-01,1.3188022314558179,-1.3116254282679929,4.590020807979878,0.0,1.4234324894140338
2005-08-01,1.267375422172412,0.41704505778885625,1.6068709889639932,-3.703703703703709,0.8345389544429871
2005-09-01,2.3554547206544374,-4.688314717954178,8.839269413600515,-9.615384615384615,0.14595493367854928
2005-10-01,1.063126610087295,-5.837808530599742,-3.211258001195161,-2.1276595744680993,-0.03515058501610824
2005-11-01,9.89511477147449,5.990105813119251,1.0974811578574828,6.521739130434789,-0.2409436864598158
2005-12-01,1.2997395177964277,-3.514036535189391,-0.17050335581207943,-2.0408163265306256,-0.574232340833758
2006-01-01,2.0845913189644127,0.8969761820863953,1.140532659907545,16.666666666666675,-0.37190961501142317
2006-02-01,4.4348487206451015,0.5381867857299882,-6.0977102894266055,0.0,-0.790573851188181
2006-03-01,3.543050998407349,6.662109953451378,3.317561947093295,-7.142857142857128,0.07054592830977313
2006-04-01,-1.4776111885935972,3.503084255385147,-1.5682394439876068,-9.615384615384615,0.8762536744565619
2006-05-01,2.1961778313896785,3.1366309100750556,-4.418346785232973,2.127659574468077,1.1162604776987939
2006-06-01,-1.2157880173275015,-3.2478476069216167,-3.1865721927157864,8.333333333333348,1.480114805999655
2006-07-01,2.384365376606379,-0.27872648365399044,3.141879355771726,1.9230769230769162,0.8388890716346298
2006-08-01,1.4304585333143827,-1.3569219997678572,4.930125692019716,-3.7735849056603765,0.21402740976124157
2006-09-01,1.9552174822274893,5.3576748408951325,-0.018654743593349288,-15.686274509803921,0.16360917466204938
2006-10-01,-2.3083292481209994,3.3571401127794775,5.636393658737715,-6.976744186046513,-0.13277792867031346
2006-11-01,-0.7525568330335464,-1.9343954256704876,12.15070289361664,10.000000000000009,-0.6557456071501377
2006-12-01,5.340673656678696,-1.7040730039233898,2.517653554037036,-2.272727272727282,-0.6110095559522133
2007-01-01,2.0627744843773943,0.7236853541999322,-2.68840739438313,23.25581395348837,-0.564758526910869
2007-02-01,1.1019786193440018,3.5263829074912767,4.530487375226788,-1.8867924528301772,-0.8660955944283399
2007-03-01,-4.264384850345115,2.1269991994260495,3.042337555343333,-11.538461538461553,-0.07291180989296153
2007-04-01,3.189008163106566,5.127156041472092,11.931724992325465,-10.869565217391308,0.42503075506312715
2007-05-01,1.4690405793689632,4.916605410567643,3.2699841430013254,4.878048780487809,1.169308432143934
2007-06-01,-2.1596663362226654,-1.1925336679654674,-0.9897797903250405,9.302325581395365,1.155159665784944
2007-07-01,-1.751836210395008,5.053239869934867,-1.4774409422993129,4.255319148936176,1.330262857770892
2007-08-01,-1.226195722381973,-5.055271000657102,-1.0767721621004367,-2.0408163265306256,0.6248625916046358
2007-09-01,-0.8615260050171547,0.4311169858037811,1.7130413882932238,-12.49999999999999,0.4452407817183923
2007-10-01,1.3458280045539617,2.4510172655727747,7.865720080450611,-2.3809523809523947,-0.15808350997614795
2007-11-01,0.13557993625448184,-9.197799594688128,-0.9503007641182726,4.878048780487809,-0.4837744538405797
2007-12-01,-2.5040841331777197,1.6282090947441707,-0.6831021248723035,9.302325581395365,-0.6962846419897417
2008-01-01,-8.819325373164311,-7.747906148961691,-0.5447739512225214,17.021276595744684,-0.6813906029938921
2008-02-01,2.9786886437865867,0.8665952764161711,12.0409550644635,0.0,-1.2724168239056755
2008-03-01,-0.20615904780589833,-7.061687460809951,2.545695697944783,-5.454545454545457,-0.35980583268737654
2008-04-01,6.593186654090322,6.538550485526851,6.545077736445304,-15.384615384615385,0.9578141228584025
2008-05-01,1.4238411032605702,0.20650194373856845,10.411619248769433,9.090909090909083,0.7176520032863509
2008-06-01,-12.013319529352607,-4.719229242470224,-1.7958846102303694,8.333333333333348,0.9676691651653524
2008-07-01,4.97458563726576,-3.349820845721452,-14.58694383584751,3.8461538461538547,1.0627556020440299
2008-08-01,14.96702450838885,7.697929758375577,-16.016560748039034,1.8518518518518379,0.170817413837554
2008-09-01,4.050556782988912,3.2925938666025445,-16.685618725935715,-14.54545454545454,0.12932149390794123
2008-10-01,-11.667833513891878,-23.021954654348708,-32.33105397761501,2.127659574468077,-0.3491795083549132
2008-11-01,-8.440360853476603,-9.121562051126975,8.837173624601235,10.416666666666675,-0.921744372498845
2008-12-01,-20.63596255161013,-5.302863402857961,1.8549772127046227,11.320754716981153,-1.5426589150619563
2009-01-01,-15.969869393019065,-2.328862280109134,10.475511138537552,25.423728813559322,-0.8085457676247687
2009-02-01,-25.880368667289865,-14.24517233851752,-0.10059209255565138,5.405405405405395,-0.3242571622660395
2009-03-01,-5.901949384608396,-3.006605309288013,-7.285938333434294,-2.564102564102566,-0.3773087954789256
2009-04-01,39.46964659406316,29.98595879397723,6.82700659565596,-9.210526315789469,0.6976540661980168
2009-05-01,15.730861187426747,1.7566845438547363,9.304231249348138,7.246376811594213,1.40772560396063
2009-06-01,-6.39349845523336,-0.15822404021955672,-1.0092212789690302,4.054054054054057,1.1705708613844346
2009-07-01,-9.569257087796789,8.57002727257099,-3.2023746053034707,2.5974025974025983,1.0870465602041302
2009-08-01,12.441022045354355,15.9292301214623,15.146315291888456,-1.2658227848101333,-0.04539295727912229
2009-09-01,6.235905137036046,4.877705430886725,3.3324295417461958,-10.256410256410254,-0.11361777171515763
2009-10-01,6.932805595514324,2.7933180656424694,5.372014747383824,-1.4285714285714235,0.22465224857766142
2009-11-01,16.034016128493068,1.7514048504767121,-3.5869864156779063,0.0,-0.031913970338814934
2009-12-01,-1.6955552209681923,-0.7920345565463616,2.3924836286651763,4.347826086956519,-0.3112895609787336
2010-01-01,4.056300854221373,3.043018602054093,2.249577772926359,22.222222222222232,0.034157310568128096
2010-02-01,-5.609823209855569,-0.6511544369791178,0.3541269493039012,5.681818181818188,-0.34578226115365984
2010-03-01,9.93077903055013,7.13812497641757,-0.7015115960302576,-7.526881720430123,0.6269359004847708
2010-04-01,12.385172035887916,7.612629727158615,1.24857889697072,-13.953488372093014,1.5159357984200872
2010-05-01,-0.004141926399514606,-5.298648201911027,-7.7065355521312995,4.054054054054057,0.9170464862865213
2010-06-01,-6.698838650936967,-2.093392705500241,-3.2414864466334348,-1.2987012987013102,0.9563801822367601
2010-07-01,-0.9612196417151608,1.8995285091589542,-5.786014815371421,2.6315789473684292,1.0063621723364724
2010-08-01,-7.454739036963753,4.341341874087967,-2.5537664698986995,-1.2820512820512775,-0.10963522810653048
2010-09-01,-3.2342383072704095,5.952908155519299,-4.2959476373060195,-11.688311688311693,-0.08137571204529515
2010-10-01,-0.5287599426258005,6.366912766648336,9.21110216218568,0.0,-0.7905281047730472
2010-11-01,4.659336933437408,2.900656225172904,7.293371958377648,2.941176470588247,-1.1591193030207725
2010-12-01,6.744214086746347,5.56183835957762,9.717478786204147,2.857142857142869,-1.2446851074661147
2011-01-01,3.7295048463663383,1.7537266700653698,5.325493713020868,11.111111111111116,-0.41318810881569856
2011-02-01,2.6501014582638316,5.192804826859132,5.022238302731763,-1.2499999999999956,-1.3425038884636087
2011-03-01,-2.0004862195738493,2.0549530720857856,-2.065519622091827,-6.329113924050633,-0.4578075232493872
2011-04-01,1.2218127341923957,6.213949307865052,2.6345799215208077,-9.459459459459463,0.5621456440560557
2011-05-01,0.3252867771595058,-4.848231486402876,6.380954199198685,2.9850746268656803,0.7615794475299476
2011-06-01,-6.227560495003493,-3.409902148265098,0.0023413258577686946,10.144927536231862,0.7601517492383136
2011-07-01,-1.7699848439047927,3.64468351586007,13.33099776482609,0.0,1.0108489485123995
2011-08-01,-15.76263822932682,-15.352624811527937,-4.272305413964239,1.3157894736842257,0.255524425042597
2011-09-01,0.8025987938205636,-1.318885785131707,6.182734021973557,-11.688311688311693,0.16107059779368882
2011-10-01,6.032228515900506,7.180502604884231,4.8309841163973966,-2.941176470588236,-0.6385596118202441
2011-11-01,1.99443447675689,7.883904321519997,-1.0903389776330208,0.0,-0.829638448795067
2011-12-01,6.948355376281823,-2.499849340269078,-7.407373242677517,3.0303030303030276,-0.8273229164369678
2012-01-01,7.99310358337626,5.579737978313681,-9.530986517959782,11.764705882352944,-0.5230339502656833
2012-02-01,0.4945612010801792,4.800735348904905,1.1484201590728604,-1.3157894736842035,-0.17904873154314105
2012-03-01,2.555579720997536,2.6671332390024505,-1.3336585402455525,-5.333333333333334,0.7113550671431268
2012-04-01,4.479644476408873,5.616709068916603,-6.2518688793058335,-11.267605633802813,0.3851952573062478
2012-05-01,-0.5219010028066906,5.260623869984826,1.3860248132034458,7.9365079365079305,1.2591357510001622
2012-06-01,-7.9571912662796285,-0.6276273133303034,1.4153835927620317,8.823529411764719,0.8089395701357249
2012-07-01,2.8651809142300033,3.455958274636872,13.542388136736982,2.7027027027026973,1.0292615829527119
2012-08-01,2.065661450181855,3.4709050635293837,0.26276331160302036,-1.3157894736842035,0.20351776009492895
2012-09-01,5.37777488365081,5.482635334669728,3.277625715996546,-14.66666666666666,-0.02083447251083337
2012-10-01,-4.094272931899512,1.0359097301938514,5.569361469888956,0.0,-0.6024730702534176
2012-11-01,-8.829036367037846,3.492435257443316,1.2508898492156195,0.0,-0.5953477417868891
2012-12-01,1.9429363828868285,6.811202418884532,-3.6801092032725857,6.25,-0.760338666089988
2013-01-01,7.220733693058223,9.766830910821355,1.8751554705133566,17.647058823529417,-0.830912525600469
2013-02-01,3.6162421612173423,-3.1399058237560618,2.080659598408663,-7.499999999999996,-0.8883719416618918
2013-03-01,3.9519999174567833,1.1590910071947347,8.813131300762954,-6.756756756756754,1.1297328243689453
2013-04-01,1.618552532205264,0.5147514648957463,4.3019644107778365,-10.144927536231885,1.6996220795802985
2013-05-01,5.907638936322845,12.453519404016955,13.204701371792238,1.6129032258064502,1.5895116191033676
2013-06-01,2.1810374811528366,-1.8845388952900333,3.0854955060121148,9.523809523809534,1.3085897120006518
2013-07-01,5.836459254545701,3.1116416750950115,2.6326625947266313,0.0,0.5445316547699974
2013-08-01,-0.36301905381089794,2.5342457307323762,2.987225477044775,-1.449275362318847,0.4648420823726518
2013-09-01,-2.358782080508115,2.39803884227634,4.542661702117989,-11.764705882352944,-0.11977095440419694
2013-10-01,0.9494642908558504,5.456633189721316,-0.8946319172593253,0.0,0.022807406007552267
2013-11-01,2.1590806312926203,6.588638340309738,-3.280385333414726,-3.3333333333333326,-0.6747443603978831
2013-12-01,1.58531923482077,1.0344793589891488,2.7394432907282384,0.0,-0.7372755809551768
2014-01-01,5.075121180410758,1.0528388828135782,1.7516057132897611,15.517241379310342,-0.9135779161824398
2014-02-01,0.8805911160538749,-0.36076060134020427,10.006522982065391,1.4925373134328401,-0.6840733934090015
2014-03-01,4.97485981047483,5.259623240330669,3.1601687845072446,-5.88235294117646,0.5125186510909874
2014-04-01,0.15455318625476888,-0.9660121219614459,3.312574465653606,-17.18750000000001,1.5032588627245103
2014-05-01,-0.10035697695004453,1.9470534769916226,1.1691364117178749,7.547169811320753,1.6398311291822232
2014-06-01,4.733840018583257,3.616912528669025,1.1360480691942287,3.5087719298245723,1.6798971498908077
2014-07-01,-1.9125835506758948,1.711561966734454,-4.452007117049961,8.47457627118644,1.5657997596577822
2014-08-01,-3.2430452600744286,-2.2490729478230276,-6.247306773838057,-4.687500000000011,0.11608946900931727
2014-09-01,3.656530572454275,-0.5424760516622218,-1.080084520192126,-18.032786885245898,-0.08077682527949381
2014-10-01,-3.602972906505142,-5.698097366127641,-8.424256983045453,-1.9999999999999907,-0.6768847025563463
2014-11-01,6.274134828772571,10.21334914796006,9.442885430312863,0.0,-0.4312035606280795
2014-12-01,2.760077366031144,8.010720321475828,-14.616246618475138,4.081632653061207,-0.41279233163565854
2015-01-01,-4.407469104605132,0.7049361999662107,-7.807251761775769,21.568627450980404,-0.7969962239064432
2015-02-01,5.861478120844721,2.692920275280164,7.4602675928689965,-3.2258064516129115,-0.5373100388435748
2015-03-01,3.756516559873768,-1.5121638937783954,-0.8807262955670248,-3.3333333333333326,0.9713523554109926
2015-04-01,-1.6552537351695928,-1.3559395251565132,8.574951617185288,-15.517241379310331,1.220601769881502
2015-05-01,2.4670912005018586,1.111496209834173,3.321927588641649,10.20408163265305,1.5090496367553552
2015-06-01,3.071159720024297,2.1603553828425826,-5.652803468100343,3.703703703703698,1.4207223012175696
2015-07-01,0.8916815840830816,-4.10783119733712,-8.510307709577214,5.35714285714286,1.6317930126258595
2015-08-01,-2.399744020357264,-8.835681300583875,-1.1935626410780609,-3.3898305084745783,0.7254860667238239
2015-09-01,-6.273428778858392,-8.70760886950116,-4.643925827479,-12.28070175438597,0.23226089835763908
2015-10-01,0.6028716851155691,7.290848325433563,-1.5000905207037007,0.0,-0.27136555880903357
2015-11-01,5.49378338650468,4.67896930742735,-12.167629898238886,0.0,-0.8651528685776899
2015-12-01,1.1344916090149093,-2.429936530076482,-17.65198522101943,2.0000000000000018,-0.4000710965843979
2016-01-01,-8.160076825931007,-6.841877958740239,6.66042706405181,19.6078431372549,-0.41926419720695884
2016-02-01,-4.643635761246889,0.43637369269338144,7.0400902137206955,0.0,-0.7792129044016272
2016-03-01,3.1980502143158285,12.77558223797859,6.057154902013462,-1.6393442622950727,-0.26963393630504706
2016-04-01,0.37887885380478714,6.681106501843259,8.64743898869358,-11.66666666666667,1.5337883785932593
2016-05-01,2.239201616004949,-4.356564626112858,4.0534685601869125,0.0,1.5231187262853885
2016-06-01,-2.3196515422935993,-0.8014588508302278,8.21312355458863,9.433962264150942,1.059204243600731
2016-07-01,-3.6099536623668715,-0.07209590107383201,-0.5015231158902234,3.4482758620689724,0.8921552370526831
2016-08-01,5.06648499613358,-1.377820247845496,-6.938036274587034,1.6666666666666607,0.5126842323243119
2016-09-01,4.807700345563259,-1.7610143793608035,2.2221289342404082,-13.114754098360649,0.21226062562467174
2016-10-01,2.475071081546454,-8.278156091274747,-5.0852083176109115,-1.8867924528301772,-0.2492356426421427
2016-11-01,14.852629770367587,1.4265084181645404,-1.4565341399713327,-5.769230769230771,-0.32450148037481696
2016-12-01,9.578989136047733,0.7899019999332957,2.420329304313129,4.081632653061207,-0.3003654711951298
2017-01-01,3.3175397063943235,2.0726209919093685,-8.128174926573461,19.6078431372549,-0.8071859761196176
2017-02-01,5.418252497923692,3.471674401498226,-1.6274896063712907,0.0,-0.7659156811774537
2017-03-01,-0.7416103782358907,2.4619516535890673,-5.825856423458642,-8.196721311475407,0.20960514883279213
2017-04-01,-3.8532699613999744,2.769658172966527,6.400629298326299,-16.07142857142856,1.26627778934012
2017-05-01,2.016213169556025,1.2262232216488034,-9.031843015064334,2.127659574468077,1.4305290768565238
2017-06-01,0.722162225590961,2.459468651879093,-1.4771288394055393,8.333333333333348,1.3210952465555703
2017-07-01,4.689027541018231,-0.5714481955867656,11.021069938588802,3.8461538461538547,1.1964197713030034
2017-08-01,1.6241395346702214,-5.085716697101184,-0.5536703750727789,1.8518518518518379,0.6393788087160956
2017-09-01,0.07739823985515315,3.1313005473518896,3.146476852179858,-18.181818181818176,0.22108201033224084
2017-10-01,5.741122827831879,7.21168564232475,-0.8267021375456429,-2.2222222222222143,0.16266996081859553
2017-11-01,-0.6945015377460395,1.2123787463388824,-3.606778976575997,2.2727272727272707,-0.31846202471055296
2017-12-01,7.183188317075984,0.6515419226550634,-7.322324234868827,2.2222222222222143,-0.3983540590426271
2018-01-01,5.901283390453949,1.7258324316844043,2.534476058266355,19.56521739130437,-0.6997901816303997
2018-02-01,3.0618418974285744,-2.5842336271756583,-13.312785091035618,-1.8181818181818077,-0.4239278930653678
2018-03-01,0.014033034798277555,-1.0977488300180527,-0.08337398234899984,-11.111111111111116,1.2109404598169116
2018-04-01,-5.883712552062059,-3.4036595424509875,-3.6283317833882056,-14.583333333333337,1.211204907514074
2018-05-01,0.6496452070080982,-4.7118923967574,6.11772659470029,-4.8780487804877986,1.1195491961112358
2018-06-01,-3.4772469160371355,0.23453448098103014,6.468265845057908,17.948717948717952,1.4211840348060223
2018-07-01,-1.2047284500728117,1.3370229858529648,0.11983550871845772,2.1739130434782705,1.3551231704170164
2018-08-01,3.229069183580391,4.046551277152477,-7.605350299447434,0.0,0.4081850695667022
2018-09-01,-2.1531177318717454,2.59702485835005,-6.739120379748853,-21.276595744680847,-0.14964087657806102
2018-10-01,-8.653416891264587,-8.701341852655286,-9.412477795946185,0.0,-0.7581719999217973
2018-11-01,4.264148716640626,4.896303048634465,-20.84405712847799,-2.7027027027027084,-0.86008713068213
2018-12-01,-10.36319690260874,-5.505984330071523,4.1081219007045755,11.111111111111116,-0.7137292617652058
2019-01-01,2.36925950059097,1.558249296893277,4.950779393388682,22.500000000000007,-0.456358320996042
2019-02-01,1.549924974112571,5.726923974350129,-5.537428261911748,-2.0408163265306256,0.034088721350222784
2019-03-01,1.8354335783642872,2.247198491088054,4.746702700512295,-6.25,0.760910884098398
2019-04-01,4.811935253328947,5.076561701182092,6.138446524080732,-17.77777777777777,1.1928884876473367
2019-05-01,0.5160779328508003,-3.970279316080283,-3.637822974674798,5.405405405405395,1.4927566654539648
2019-06-01,1.6323080826592173,3.5018896511572306,-19.460605740563775,12.820512820512842,1.579631837538531
2019-07-01,5.5973893077765124,2.2904243086270926,-6.034387776573835,6.818181818181812,1.080888096270094
2019-08-01,-7.992746670669648,-5.092961332990242,-22.45928578273042,2.127659574468077,0.3771352197804667
2019-09-01,6.719071345345484,5.186056327354582,-2.9758099655790904,-22.916666666666664,-0.03931688621910956
2019-10-01,3.8886284235578383,2.772958149738969,-15.192238191159102,5.405405405405395,-0.045459521112545254
2019-11-01,7.075722875385515,7.366271619878573,2.595760747954623,0.0,-0.2684862973674318
2019-12-01,3.6016301860218425,2.9517245147273607,-2.2888701725773064,5.128205128205132,-0.26117762241196774
2020-01-01,-1.3001492870991727,-3.9401634757426085,-16.081412932722195,19.512195121951237,-0.08891249548714786
2020-02-01,-3.2018354883751265,-6.999734478900798,-32.035445117466544,-2.0408163265306256,0.08012093149869504
2020-03-01,-31.3670709630676,-23.432100593520943,31.93028429894791,14.583333333333348,0.9925865501611675
2020-04-01,-2.8537022416428193,0.11343692213419132,68.97461535362189,185.45454545454544,1.6191064403263455
2020-05-01,5.682955297330627,2.964523756043791,9.912327485716865,-15.923566878980889,0.7004056442273532
2020-06-01,8.933223077741935,14.64191009033522,0.36250938890545203,-14.39393939393938,0.6624591472985664
2020-07-01,-7.488227590859298,3.6966061747091494,-2.0107453272757203,0.8849557522123908,1.7994351615317594
2020-08-01,5.597336622402338,7.377856637555147,23.05782268578218,-16.666666666666675,1.267748454241846
2020-09-01,0.2632239257684965,5.652132210263461,-11.25433670722218,-10.526315789473683,1.7276240739669602
2020-10-01,3.0847422410253733,5.906317775667591,2.2427058328341465,-12.941176470588234,1.0144630633498242
2020-11-01,13.483011565008884,8.65654845498991,-0.414803145852094,0.0,0.8622958907634537
2020-12-01,13.56826830668072,1.853652474736478,-7.294784950197119,9.459459459459453,0.3333113740057181
2021-01-01,7.116625214426442,0.17379377000839025,17.170902437995593,-3.703703703703698,0.024868933503596757
2021-02-01,6.489775008613496,-4.9169430122605,9.349750209767937,-3.8461538461538436,1.0273260319064947
2021-03-01,7.718186420878959,6.905187255050316,5.245022299067936,-9.333333333333337,1.6409924028230716
2021-04-01,2.3624693155821053,10.386068685117333,-2.497195075200831,-8.823529411764696,2.087546607494839
2021-05-01,8.78771747995797,10.415217314205716,16.972198679036985,-1.6129032258064613,2.465395231057488
2021-06-01,-2.4366605440092726,-2.135791221862593,2.350785156628765,6.557377049180335,2.5118225201596234
2021-07-01,-1.6305964773471238,-4.3611892761755815,-5.1865624113912485,-1.538461538461533,0.57698032723692
2021-08-01,1.9640590046356543,-1.1590669123837993,-12.957954445295329,-1.562500000000011,-0.5616473979933478
2021-09-01,1.4890564685084762,-8.806519178011552,12.180189049148327,-22.22222222222221,-1.459263752220219
2021-10-01,7.86564541429442,3.953321999280779,4.689668220761156,-2.0408163265306256,-0.7872165392876496
2021-11-01,-0.1550838627924933,3.5663362682856414,-0.22591855678530948,-14.583333333333337,-0.604091363661885
2021-12-01,-2.923334176850545,2.7726026355117117,1.1723832662128064,-7.317073170731703,-0.7801982491469794
2022-01-01,7.38703933794207,-1.4029843264161013,4.13694421950821,31.578947368421062,1.0527186960593182
2022-02-01,-3.2755863261952234,-7.982937982310512,1.5264873518835431,-4.0000000000000036,1.4930683851857252
2022-03-01,-8.01275585713206,-15.178106358405309,28.014349113610027,-8.333333333333325,1.6253986206911764
2022-04-01,-5.918843875513846,3.357053423459666,40.85307861611032,-11.363636363636376,1.6420291854659874
2022-05-01,-7.097212048822432,-3.5725222863410067,5.021675310009388,2.564102564102577,1.4058034399531127
2022-06-01,-1.3694646607633532,-5.601376632437127,0.1760023813114353,17.500000000000004,1.4082275336273042
2022-07-01,-0.5667447775468681,1.8570097870578728,-7.92059718595114,0.0,-0.25355429306945787
2022-08-01,4.937934985449077,8.113076589542679,19.48412448440784,10.63829787234043,-0.9982781268968899
2022-09-01,-5.536641415732724,-8.350179657725798,-1.590946458654019,-30.76923076923077,-1.0115025600968996
2022-10-01,-1.026965277182923,-4.700711236552824,-7.684767823672745,5.555555555555558,-0.45374295133372433
2022-11-01,4.403520463124511,10.251096430640438,1.3230278386212602,-2.631578947368407,-0.9885850904721494
2022-12-01,-4.293857930720469,3.912215296372823,-13.076146473079975,0.0,-1.5424323876209844
2023-01-01,4.641892675125048,-0.31581251800302246,-8.102116490133493,18.918918918918926,-1.1752065110606114
2023-02-01,-0.18304016161717618,0.9635617036681587,-6.029326079044395,2.2727272727272707,-0.9169140354390537
2023-03-01,-16.41738235036111,-0.9555559767212785,-0.9035399716347259,-13.33333333333333,0.8818520372264826
2023-04-01,-6.66055805152117,8.916482313708807,5.253613993825668,-20.512820512820507,1.8628274775553066
2023-05-01,-5.173489214356919,-1.1355768058059268,4.709923356705259,12.903225806451601,2.0504141099100037
2023-06-01,7.388776581156198,2.7198260400381313,13.628466996413291,8.571428571428562,1.9304698105542917
2023-07-01,4.4109019859055465,4.87472560318698,3.441458049027646,2.6315789473684292,1.4177594541945115
2023-08-01,-3.5114698899580854,-5.265783898049714,6.239356847832966,12.820512820512842,0.6360669686297227
2023-09-01,-2.499540798634181,-4.764822377032396,-3.047510152696198,-27.27272727272727,-0.12067373415860505
2023-10-01,-3.553533508603679,-4.377692087668361,2.821947679995329,3.124999999999978,-0.5122305239468994
2023-11-01,7.947769508944247,4.669304852209399,-3.600452638425422,-6.060606060606055,-0.817929721602384
2023-12-01,17.683125974246593,10.855388052768866,-5.992977764858987,3.2258064516129004,-0.9521812742690261
2024-01-01,3.6398255691812986,-1.853669314823736,-4.013244827641915,21.875,-0.6434699314836534
2024-02-01,-2.8444888948407576,-2.0726833939893274,-3.8392016320285327,2.564102564102577,-0.002766484997041019
2024-03-01,4.022397732931782,0.4335814276620997,0.5760231333868715,-9.999999999999998,1.2582400636551583
2024-04-01,1.8309787010130307,-4.103513299781103,6.729258395910809,-13.888888888888884,1.896626875509022
2024-05-01,1.50763733051682,-1.4773315640590923,7.526955838865135,6.451612903225801,1.9035980915933504
2024-06-01,-2.085398105370717,-3.093526956979109,-2.8005367640386747,18.181818181818187,1.3918316566100541
2024-07-01,12.33654076675299,-0.6365115438779378,-8.853673071877122,7.692307692307709,-0.22552586102648764
2024-08-01,1.737964875579312,-3.242778600770435,-9.635025848911738,4.761904761904767,-0.5459824466764074
2024-09-01,4.8485002993338355,4.014845445969351,5.387198738823429,-29.545454545454554,-0.591449256525467
2024-10-01,2.66268184681544,0.20347658395141188,8.637068557007787,9.677419354838701,-0.5445198382002525
2024-11-01,10.867933557074805,-3.0349811225044654,16.827878098147366,-2.941176470588236,-0.6481591431674705
2024-12-01,-2.7099559244643356,-0.5864460418251727,3.4235140083069604,0.0,-0.4496755341912517
2025-01-01,-0.7488271549051073,-3.201579579796654,14.232564980761442,36.363636363636374,-0.7740197055527087
2025-02-01,-1.2185061107109818,-3.140842917834341,1.7827153772648652,-4.444444444444451,-0.21949659077368233
2025-03-01,-9.618409151060735,-2.1160432161348774,-0.82677610398042,-9.302325581395344,0.764923892307845
2025-04-01,-9.838792094726866,-9.180266924230585,-2.1745409670739235,-10.256410256410254,1.2693455509818596
2025-05-01,9.837690912747842,9.657245676805326,10.202947862596346,2.857142857142869,1.3754290981554895
2025-06-01,3.6901460353782056,0.5845308254417647,4.391758568121884,16.666666666666675,1.1633380044600017
2025-07-01,10.172680867209948,3.5774402070623212,-3.4361158321975283,4.761904761904767,1.0542852942957648
